,City,Cloudiness,Country,Date,Humidity,Lat,Lng,Max Temp,Wind Speed
0,hithadhoo,26,MV,1604802743,70,-0.6,73.08,84.16,7.34
1,lodja,76,CD,1604803173,96,-3.48,23.43,66.6,0.67
2,bluff,29,NZ,1604803173,55,-46.6,168.33,55,10
3,rikitea,100,PF,1604803174,75,-23.12,-134.97,71.65,19.53
4,lavumisa,0,SZ,1604803175,83,-27.31,31.89,73.92,3.29
6,ust-nera,21,RU,1604803176,82,64.57,143.2,-6.43,5.37
8,kapaa,90,US,1604802656,83,22.08,-159.32,80.6,17.22
10,ushuaia,20,AR,1604803179,44,-54.8,-68.3,57.2,17.22
11,chuy,0,UY,1604802689,94,-33.7,-53.46,58.98,5.26
12,souillac,75,MU,1604802895,88,-20.52,57.52,71.6,9.17
13,rio grande,0,BR,1604802977,91,-32.03,-52.1,62.85,10.27
14,punta arenas,20,CL,1604802356,71,-53.15,-70.92,51.8,24.16
15,luanda,75,AO,1604803183,83,-8.84,13.23,78.8,3.36
16,cherskiy,99,RU,1604802629,94,68.75,161.3,3.34,6.17
17,alofi,4,NU,1604803185,69,-19.06,-169.92,80.6,12.75
18,yumen,0,CN,1604803185,32,40.28,97.2,50.02,4.83
20,brasilia,40,BR,1604802961,73,-15.78,-47.93,75.2,3.36
21,cape town,75,ZA,1604802321,93,-33.93,18.42,61,16.11
22,vaini,20,TO,1604802614,74,-21.2,-175.2,80.6,9.17
23,sao filipe,76,CV,1604802736,77,14.9,-24.5,78.85,6.91
24,lorengau,73,PG,1604802644,60,-2.02,147.27,85.41,5.75
25,te anau,0,NZ,1604802596,39,-45.42,167.72,55.89,7.11
26,shchelkun,40,RU,1604803191,93,56.3,60.95,35.6,8.95
27,lagoa,7,PT,1604802736,73,39.05,-27.98,61.11,15.3
28,kodiak,90,US,1604803192,87,57.79,-152.41,46.4,14.99
29,hasaki,75,JP,1604802898,73,35.73,140.83,69.8,9.17
30,mataura,0,NZ,1604803194,55,-46.19,168.86,55,10
31,albany,45,US,1604803195,60,42.6,-73.97,54,3.27
32,saldanha,50,ZA,1604802793,82,-33.01,17.94,59,10.29
33,hobart,20,AU,1604803167,44,-42.88,147.33,66.99,9.17
34,the pas,90,CA,1604803196,92,53.83,-101.25,21.2,6.93
35,jalu,0,LY,1604803197,88,29.03,21.55,59.45,8.63
36,saint george,100,US,1604802675,81,37.1,-113.58,44.01,14.99
37,wuda,0,CN,1604803198,46,39.5,106.71,47.37,1.5
38,atuona,48,PF,1604802641,78,-9.8,-139.03,77.45,13.69
39,vila velha,75,BR,1604802801,94,-20.33,-40.29,73.4,2.24
40,dikson,100,RU,1604802646,89,73.51,80.55,-4.18,12.64
41,hilo,90,US,1604803200,88,19.73,-155.09,75.2,6.93
42,college,90,US,1604803201,85,64.86,-147.8,23,4.7
43,dingle,5,PH,1604802713,72,11,122.67,82.8,4.59
44,beibei,30,CN,1604803202,82,29.83,106.43,64.99,2.24
45,foshan,0,CN,1604803203,26,23.03,113.13,79,15.66
46,san quintin,0,MX,1604803204,66,30.48,-115.95,61.3,18.41
47,severo-kurilsk,57,RU,1604803204,77,50.68,156.12,36.93,5.1
48,thohoyandou,6,ZA,1604803205,44,-22.95,30.48,76.21,1.79
49,saint-philippe,20,RE,1604802724,64,-21.36,55.77,71.6,6.93
51,mar del plata,90,AR,1604802593,100,-38,-57.56,62.01,5.82
52,marsh harbour,100,BS,1604803207,77,26.54,-77.06,79.11,30.91
53,fortuna,40,US,1604803208,87,40.6,-124.16,51.01,8.05
54,grindavik,40,IS,1604802866,65,63.84,-22.43,39.2,10.29
55,yar-sale,89,RU,1604803210,98,66.83,70.83,24.6,3.04
56,bredasdorp,33,ZA,1604802643,82,-34.53,20.04,57.2,11.41
58,vila franca do campo,20,PT,1604802669,71,37.72,-25.43,57.2,4.7
59,khatanga,0,RU,1604802415,87,71.97,102.5,-3.32,13.15
60,husavik,75,IS,1604802677,45,66.04,-17.34,42.8,14.99
61,hamilton,1,US,1604803214,87,39.18,-84.53,57,2.84
62,sabha,0,LY,1604803215,73,27.04,14.43,56.73,10.02
63,busselton,99,AU,1604802649,60,-33.65,115.33,73,7
64,new norfolk,0,AU,1604802785,42,-42.78,147.06,68,1.99
65,grand gaube,30,MU,1604803216,86,-20.01,57.66,71.01,7
66,whyalla,30,AU,1604803217,29,-33.03,137.58,77,13.87
67,san patricio,20,US,1604802711,94,28.02,-97.52,72,12.75
68,touros,75,BR,1604803218,78,-5.2,-35.46,80.6,9.17
69,camacha,20,PT,1604802941,77,33.08,-16.33,66.2,9.17
70,port blair,0,IN,1604802898,74,11.67,92.75,84.06,10.83
71,hay river,95,CA,1604802929,85,60.82,-115.8,12.2,4.7
72,gizo,84,SB,1604802790,70,-8.1,156.84,84.63,4.09
73,hellvik,82,NO,1604803222,94,59.92,5.78,44.01,1.01
75,pisco,90,PE,1604802814,88,-13.7,-76.22,62.6,11.41
76,port elizabeth,0,ZA,1604802599,93,-33.92,25.57,59,4.7
77,altamira,17,BR,1604802993,86,-3.2,-52.21,75.83,3.24
78,port alfred,0,ZA,1604803225,79,-33.59,26.89,64.6,8.41
79,victoria,66,HK,1604802707,56,22.29,114.16,79,1.01
80,turukhansk,100,RU,1604803227,99,65.82,87.98,31.75,14.5
81,cabo san lucas,5,MX,1604802790,78,22.89,-109.91,78.8,3.36
82,butaritari,73,KI,1604803228,70,3.07,172.79,81.54,8.75
84,nong han,0,TH,1604803234,57,17.36,103.11,84,6.93
86,aplahoue,100,BJ,1604803235,92,6.93,1.68,74.07,4.16
87,otofuke,20,JP,1604803236,28,42.99,143.2,55.4,17.22
88,tromso,90,NO,1604803236,86,69.65,18.96,33.8,21.92
89,yarkovo,100,RU,1604803237,98,57.4,67.08,35.85,4.07
90,kangaatsiaq,17,GL,1604802838,87,68.31,-53.46,16.07,10.71
91,barrow,90,US,1604802656,86,71.29,-156.79,30.2,20.8
92,ostersund,99,SE,1604802960,83,63.18,14.64,37.4,12.75
93,prestea,100,GH,1604803239,96,5.43,-2.14,73.58,1.97
94,torbay,90,CA,1604802746,80,47.67,-52.73,37,12.75
95,taltal,74,CL,1604802784,74,-25.4,-70.48,58.64,1.16
96,along,0,IN,1604802754,37,28.17,94.77,70.52,0.49
97,toccoa,1,US,1604803241,77,34.58,-83.33,66.2,5.82
99,bengkulu,75,ID,1604802685,63,-3.8,102.27,84.67,4.27
100,avarua,30,CK,1604803243,78,-21.21,-159.78,77,7.72
101,saskylakh,6,RU,1604802745,89,71.92,114.08,-9.89,8.37
102,leningradskiy,100,RU,1604803244,95,69.38,178.42,18,8.43
103,arraial do cabo,98,BR,1604802706,82,-22.97,-42.03,72.07,8.77
104,cordoba,0,AR,1604802997,59,-31.41,-64.18,72,6.93
105,tuktoyaktuk,75,CA,1604803246,85,69.45,-133.04,24.8,18.34
106,ostrovnoy,93,RU,1604802907,87,68.05,39.51,36.7,28.41
107,razole,0,IN,1604802653,71,16.48,81.83,80.47,6.49
108,kahului,20,US,1604802910,55,20.89,-156.47,87.8,18.34
109,kalach-na-donu,0,RU,1604803171,100,48.69,43.53,37.49,8.95
110,luderitz,0,NA,1604802717,86,-26.65,15.16,60.42,6.44
111,jos,6,NG,1604803250,31,9.92,8.9,62.58,2.57
112,pirapo,0,PY,1604803250,58,-26.85,-55.53,69.66,2.51
113,constitucion,0,CL,1604803251,69,-35.33,-72.42,57.51,8.81
114,tasiilaq,97,GL,1604803251,74,65.61,-37.64,30.2,8.32
115,carnarvon,63,AU,1604802717,65,-24.87,113.63,77,14.99
116,malaya serdoba,0,RU,1604803252,92,52.47,44.95,35.28,11.9
117,kamenka,0,RU,1604802746,94,51.32,42.77,36,10.54
118,voh,23,NC,1604803254,60,-20.97,164.7,80.42,13.24
119,isangel,75,VU,1604802878,79,-19.55,169.27,84.2,9.31
120,beringovskiy,100,RU,1604802748,95,63.05,179.32,27.21,13.58
121,champaign,1,US,1604803255,76,40.13,-88.2,60.01,6.93
123,merauke,15,ID,1604803257,67,-8.47,140.33,84.85,11.27
124,margate,46,GB,1604802798,66,51.38,1.39,54,3
125,jackson,75,US,1604802855,70,42.42,-122.83,45,5.82
126,bilibino,100,RU,1604802791,90,68.05,166.44,1.22,1.97
128,miraflores,20,MX,1604803260,45,19.22,-98.81,66.2,9.17
129,abalak,100,RU,1604803260,99,58.13,68.59,35.47,3.24
130,yuanping,0,CN,1604803261,43,38.72,112.76,46.06,0.67
131,del rio,1,US,1604803262,49,29.36,-100.9,73.4,10.29
132,sibolga,90,ID,1604803263,69,1.74,98.78,84.2,2.04
133,yaan,90,NG,1604803263,80,7.38,8.57,72.68,3.13
134,yellowknife,75,CA,1604803264,84,62.46,-114.35,6.8,2.93
135,hualmay,23,PE,1604802977,88,-11.1,-77.61,60.35,5.5
137,dhidhdhoo,43,MV,1604803266,74,6.88,73.1,83.8,13.15
138,houma,32,US,1604803266,85,29.6,-90.72,69.01,11.01
140,jamestown,1,US,1604803267,50,42.1,-79.24,55.4,4.7
141,belaya gora,99,RU,1604803268,92,68.53,146.42,-2.34,1.81
142,teya,100,RU,1604802842,83,60.38,92.63,36.45,13.31
143,puerto ayora,1,EC,1604803269,81,-0.74,-90.35,68,4
144,oil city,1,US,1604803270,62,41.43,-79.71,51.8,2.21
146,berlevag,97,NO,1604802784,73,70.86,29.09,39.52,30.58
147,richards bay,0,ZA,1604802841,92,-28.78,32.04,71.83,4.25
148,mandera,100,KE,1604803273,75,3.94,41.87,78.53,8.79
149,fairbanks,90,US,1604802871,85,64.84,-147.72,23,4.7
150,bambous virieux,75,MU,1604803274,88,-20.34,57.76,71.6,9.17
151,fernley,100,US,1604803275,51,39.61,-119.25,42.01,11.01
152,klaksvik,94,FO,1604803276,86,62.23,-6.59,41,10.29
153,mount gambier,0,AU,1604803276,48,-37.83,140.77,66.2,8.05
154,orange,40,US,1604803277,62,33.7,-117.77,57.99,5.82
155,mweka,85,CD,1604803278,99,-4.85,21.57,66,1.48
156,la ronge,100,CA,1604803279,79,55.1,-105.28,19.4,10.29
157,porto santo,20,PT,1604802515,77,33.07,-16.34,66.2,9.17
158,venkatagiri,75,IN,1604803280,94,13.97,79.58,77,7.65
159,talnakh,75,RU,1604803280,85,69.49,88.4,19.4,22.37
160,terney,100,RU,1604803281,58,45.05,136.61,42.24,2.91
161,saint-pierre,0,RE,1604803282,64,-21.34,55.48,71.6,4.7
162,cairns,1,AU,1604803132,52,-16.92,145.77,91,13.87
163,fasa,0,IR,1604803283,52,28.94,53.65,44.6,0.74
165,dale,1,US,1604803285,72,38.17,-86.99,59,5.82
166,peque,100,CO,1604803285,81,7.02,-75.91,67.55,0.25
167,laguna,20,US,1604802697,47,38.42,-121.42,55.99,4.7
168,zhigansk,46,RU,1604803287,88,66.77,123.37,-14.22,4.45
169,airai,81,TL,1604803287,35,-8.93,125.41,82.13,5.7
170,marawi,45,PH,1604803288,75,8,124.29,82.99,5.99
171,sao joao da barra,100,BR,1604803289,90,-21.64,-41.05,73.56,5.73
172,kutum,26,SD,1604802872,41,14.2,24.67,60.66,5.86
173,kharan,0,PK,1604803290,26,28.58,65.42,61.63,2.3
174,petropavlovsk-kamchatskiy,5,RU,1604802960,55,53.05,158.65,35.6,6.71
175,marsa matruh,86,EG,1604803292,68,31.35,27.25,70.75,19.89
176,ellisras,0,ZA,1604803292,39,-23.66,27.74,79.81,6.6
177,vestmannaeyjar,100,IS,1604802961,67,63.44,-20.27,43.77,17.05
178,hermanus,82,ZA,1604803293,79,-34.42,19.23,59,4
179,tiksi,62,RU,1604802753,92,71.69,128.87,-6.2,2.21
180,innisfail,36,AU,1604803295,58,-17.53,146.03,84.29,9.53
181,iracoubo,43,GF,1604803296,81,5.48,-53.2,78.87,13.6
182,zhuhai,40,CN,1604803297,57,22.28,113.57,81,17.22
184,shirokiy,98,RU,1604803298,93,49.76,129.52,24.28,16.13
185,pitimbu,75,BR,1604803299,83,-7.47,-34.81,78.8,10.29
186,nouadhibou,95,MR,1604803299,73,20.93,-17.03,71.6,14.99
187,cidreira,82,BR,1604803300,84,-30.18,-50.21,68.07,14.56
188,ipixuna,0,BR,1604803301,88,-1.76,-48.8,78.8,6.93
189,wangou,0,CN,1604803302,75,42.06,126.91,28.67,13.73
190,salalah,0,OM,1604802785,56,17.02,54.09,71.6,5.82
191,general bravo,0,MX,1604803303,57,25.8,-99.17,73.08,14.81
192,broome,1,US,1604803304,51,42.25,-75.83,59,6.93
193,buzdyak,94,RU,1604803305,97,54.58,54.55,31.5,12.3
194,ancud,3,CL,1604803305,66,-41.87,-73.82,53.01,13.87
196,karratha,0,AU,1604802742,25,-20.74,116.85,91.83,14.27
197,cockburn town,100,TC,1604803307,81,21.46,-71.14,79.66,20.6
198,nemuro,20,JP,1604803308,66,43.32,145.57,51.8,4.7
199,mehamn,73,NO,1604803308,76,71.04,27.85,38.57,28.03
200,upernavik,22,GL,1604803309,78,72.79,-56.15,1.47,8.77
201,san vicente,0,AR,1604802782,46,-26.62,-54.13,66.58,1.12
202,tevriz,100,RU,1604803311,82,57.51,72.4,39.56,9.84
203,kolondieba,0,ML,1604803312,28,11.09,-6.89,71.2,1.95
204,meulaboh,89,ID,1604803312,67,4.14,96.13,84.61,1.05
205,la empalizada,49,MX,1604803313,87,21.31,-97.66,69.06,1.28
206,toora-khem,0,RU,1604803313,92,52.47,96.11,30.04,2.21
207,bridlington,90,GB,1604803314,100,54.08,-0.19,50,4.7
209,clyde river,1,CA,1604803315,59,70.47,-68.59,-0.4,6.93
210,qaanaaq,0,GL,1604803316,69,77.48,-69.36,-10.8,9.53
211,makaleng,18,BW,1604803285,38,-20.9,27.28,77.99,5.55
213,pulandian,0,CN,1604803277,33,39.4,121.97,46.4,6.71
214,nikolskoye,90,RU,1604803318,81,59.7,30.79,48.2,11.18
215,anchorage,90,US,1604803234,79,61.22,-149.9,24.8,5.82
216,okhotsk,60,RU,1604803319,89,59.38,143.3,14.11,15.21
217,amboasary,20,MG,1604803320,88,-25.03,46.38,73.4,16.11
218,georgetown,20,MY,1604802917,74,5.41,100.34,84.2,4.7
219,belvedere marittimo,0,IT,1604803321,71,39.62,15.86,59.85,2.15
220,batagay-alyta,11,RU,1604802960,80,67.8,130.41,-10.98,0.2
221,chimbote,62,PE,1604803322,86,-9.09,-78.58,60.73,5.06
222,bethel,1,US,1604803323,81,41.37,-73.41,57,4
223,alenquer,20,BR,1604803324,88,-1.94,-54.74,77,2.24
224,novovasylivka,22,UA,1604803325,77,46.83,35.75,45.86,3.62
225,castro,0,BR,1604803325,62,-24.79,-50.01,58.75,4.25
226,sakakah,0,SA,1604803226,51,29.97,40.21,62.6,9.17
227,pevek,98,RU,1604803327,97,69.7,170.31,13.48,3.47
228,veraval,0,IN,1604803327,41,20.9,70.37,79.09,10.45
229,burnie,0,AU,1604803328,62,-41.07,145.92,61,8.99
230,ahipara,25,NZ,1604802897,78,-35.17,173.17,62.6,14.47
232,pemangkat,73,ID,1604803330,65,1.17,108.97,85.19,4.03
233,vardo,63,NO,1604803330,72,70.37,31.11,40.17,34.87
234,viransehir,0,TR,1604803331,39,37.24,39.76,56.8,8.43
235,taywarah,75,AF,1604803331,56,33.35,64.42,34.74,1.95
236,verkhnevilyuysk,75,RU,1604803332,89,63.45,120.32,-2.49,4.92
237,thompson,90,CA,1604803332,85,55.74,-97.86,15.8,6.93
238,tura,1,IN,1604803333,65,25.52,90.22,75.24,1.66
239,urumqi,0,CN,1604803333,55,43.8,87.6,35.6,2.24
240,arona,20,ES,1604803118,63,28.1,-16.68,66.99,9.17
241,yining,0,CN,1604803335,38,29.04,114.56,69.94,3.22
242,geraldton,90,AU,1604803335,64,-28.77,114.6,73.4,11.41
243,komsomolets,100,KZ,1604803336,94,53.75,62.07,36.01,13.94
244,kieta,88,PG,1604803337,73,-6.22,155.63,83.91,3.27
245,puranpur,0,IN,1604803337,55,28.52,80.15,68.36,1.59
248,cap-aux-meules,62,CA,1604803339,69,47.38,-61.86,35.6,13.87
249,kargasok,100,RU,1604803339,84,59.06,80.86,35.94,11.81
250,fare,87,PF,1604803340,74,-16.7,-151.02,79.93,10.07
251,alice town,100,BS,1604803341,79,25.72,-79.3,79.77,31.83
252,linjiang,0,CN,1604803341,66,41.81,126.91,34.84,12.77
253,carutapera,82,BR,1604803342,84,-1.2,-46.02,79.02,7.76
254,gobabis,1,NA,1604803342,24,-22.45,18.97,69.03,9.26
255,bjornevatn,81,NO,1604803343,87,69.67,29.98,35.6,28.86
256,bandar,100,ID,1604803344,86,2.05,99.75,77.7,3.71
257,piacabucu,5,BR,1604803344,84,-10.41,-36.43,76.77,9.91
258,ponta do sol,20,PT,1604802804,77,32.67,-17.1,62.6,5.82
259,katherine,2,AU,1604803345,25,-14.47,132.27,100.4,10.29
260,nanortalik,100,GL,1604803346,97,60.14,-45.24,28.9,15.35
261,iqaluit,75,CA,1604803346,77,63.75,-68.51,5,4.7
262,laranjeiras do sul,7,BR,1604803347,55,-25.41,-52.42,63.09,2.57
263,japura,100,ID,1604803348,77,-0.32,102.35,83.1,3.62
264,namibe,100,AO,1604803288,71,-15.2,12.15,68.58,6.04
265,maragogi,14,BR,1604802770,84,-9.01,-35.22,76.66,10.42
266,ponta delgada,20,PT,1604803349,71,37.73,-25.67,57.2,4.7
267,oranjemund,7,NA,1604803350,88,-28.55,16.43,60.08,1.03
268,balugaon,0,IN,1604803350,57,20.17,85.1,72.97,3.4
269,harnosand,0,SE,1604803351,80,62.63,17.94,37,3.36
270,camacupa,96,AO,1604803352,85,-12.02,17.48,62.49,1.25
271,tautira,75,PF,1604803352,74,-17.73,-149.15,82.4,12.75
272,waipawa,99,NZ,1604802947,76,-41.41,175.52,51.8,35.57
273,riyadh,0,SA,1604803101,39,24.69,46.72,64.4,2.24
274,vitim,77,RU,1604803354,90,59.45,112.56,9.66,2.35
275,narsaq,100,GL,1604802936,74,60.92,-46.05,28.4,5.82
276,monrovia,40,LR,1604803355,94,6.3,-10.8,77,5.84
277,lompoc,1,US,1604803356,71,34.64,-120.46,53.6,9.17
278,egvekinot,99,RU,1604803357,98,66.32,-179.17,20.55,5.46
279,sept-iles,0,CA,1604803357,68,50.2,-66.38,26.6,5.82
280,lukovetskiy,75,RU,1604803358,82,64.3,41.92,37.4,15.66
281,pedro betancourt,20,CU,1604803358,100,22.73,-81.29,73.4,6.93
282,inta,100,RU,1604803359,98,66.03,60.17,29.14,10.04
283,homer,90,US,1604803360,100,59.64,-151.55,42.01,8.97
284,makinsk,100,KZ,1604803360,88,52.63,70.42,38.66,24.61
285,ibb,84,YE,1604803361,51,13.97,44.18,58.01,3.13
286,mahibadhoo,97,MV,1604803362,73,3.78,72.97,83.66,8.14
287,tuatapere,0,NZ,1604802834,55,-46.13,167.68,55,10
288,strezhevoy,90,RU,1604803363,97,60.73,77.59,32,6.71
289,inhambane,0,MZ,1604803363,86,-23.86,35.38,77.13,11.12
290,makokou,99,GA,1604803364,98,0.57,12.86,68.95,1.5
291,victor harbor,0,AU,1604803365,60,-35.57,138.62,70,10.69
292,lata,20,PT,1604802925,87,40.16,-8.33,62.01,11.41
293,darhan,0,MN,1604802925,82,49.49,105.92,29.93,5.06
295,pesochnoye,100,RU,1604803368,81,58.01,39.18,46.13,13.24
296,mahebourg,75,MU,1604802669,88,-20.41,57.7,71.6,9.17
297,thinadhoo,63,MV,1604803370,68,0.53,72.93,84.52,6.69
298,ilulissat,3,GL,1604802771,43,69.22,-51.1,15.8,11.41
299,vao,27,NC,1604803371,71,-22.67,167.48,73.56,14.38
300,nome,90,US,1604803371,80,64.5,-165.41,35.6,3.33
301,la rioja,90,ES,1604803372,93,42.25,-2.5,53.01,2.24
302,oxapampa,15,PE,1604803372,85,-10.58,-75.4,57.31,4.68
303,tuy hoa,90,VN,1604803373,78,13.08,109.3,78.6,18.68
304,alyangula,40,AU,1604803374,63,-13.85,136.42,93.2,9.17
305,kupang,50,ID,1604803375,47,-10.17,123.58,90.03,5.46
306,beyneu,80,KZ,1604802786,76,45.32,55.2,42.75,12.15
307,presidencia roque saenz pena,36,AR,1604803376,62,-26.79,-60.44,70.84,7.85
308,nishihara,75,JP,1604802777,88,26.18,127.76,82.4,6.93
309,qujing,100,CN,1604803377,76,25.48,103.78,54.07,3.38
311,quatre cocos,75,MU,1604802909,88,-20.21,57.76,71.6,9.17
312,dalnerechensk,100,RU,1604803379,71,45.93,133.72,37.56,4.83
313,pesaro,35,IT,1604803093,87,43.9,12.89,51.01,4.7
314,xambioa,75,BR,1604803381,87,-6.41,-48.54,75.74,2.04
315,palmer,40,US,1604803381,76,42.16,-72.33,55,2.55
316,gawler,2,AU,1604802799,25,-34.6,138.73,79,7
317,sale,0,MA,1604803383,93,34.04,-6.82,60.01,3.36
318,reinosa,25,ES,1604803383,52,43,-4.14,66.2,12.75
319,sinnamary,44,GF,1604803384,83,5.38,-52.95,78.37,13.76
320,daru,49,PG,1604803272,70,-9.08,143.21,84.34,6.4
321,assiniboia,94,CA,1604803386,92,49.63,-105.98,28.4,10.29
322,wawa,69,NG,1604803386,38,9.9,4.42,72.39,3.67
323,itarema,65,BR,1604802964,77,-2.92,-39.92,79.23,13.96
324,ucluelet,0,CA,1604803388,85,48.93,-125.55,37.99,8.68
325,mikuni,75,JP,1604803388,82,36.22,136.15,62.6,6.93
326,invermere,100,CA,1604803389,80,50.52,-116.04,34.48,5.7
327,delcevo,20,MK,1604803229,88,41.97,22.77,37.99,1.01
328,sainte-anne-des-monts,0,CA,1604803390,69,49.12,-66.49,33.8,10.29
329,khandyga,97,RU,1604802924,86,62.67,135.6,-5.49,0.4
330,hohhot,0,CN,1604803391,34,40.81,111.65,33.8,2.24
331,rossano,4,IT,1604803392,77,39.58,16.63,53.78,2.48
332,kenora,90,CA,1604803392,100,49.82,-94.43,33.8,8.05
333,nikolayevka,66,RU,1604803393,89,53.13,47.2,34.84,11.18
334,muncar,0,ID,1604803394,56,-8.43,114.33,87.1,3.71
335,kissidougou,0,GN,1604803394,69,9.18,-10.1,67.98,1.92
336,gainesville,100,US,1604803395,89,29.65,-82.32,72,8.99
337,pozo colorado,76,PY,1604803396,32,-23.49,-58.8,79.32,6.42
339,pangkalanbuun,94,ID,1604803397,55,-2.68,111.62,91.85,1.66
341,ulaanbaatar,0,MN,1604803398,66,47.91,106.88,15.8,2.24
342,gua musang,100,MY,1604803106,67,4.88,101.96,85.39,2.33
343,sitka,1,US,1604803399,86,57.05,-135.33,33.8,6.93
344,broken hill,0,AU,1604803400,20,-31.95,141.43,77,12.75
345,sao felix do xingu,23,BR,1604803400,90,-6.64,-51.99,72.64,2.57
346,peterhead,90,GB,1604803401,93,57.51,-1.8,44.01,1.12
347,meru,19,KE,1604803401,87,0.05,37.66,60.24,3.27
348,ugoofaaru,6,MV,1604803402,74,5.67,73,83.82,13.02
349,caravelas,99,BR,1604803403,96,-17.71,-39.25,74.19,3.91
350,huambo,92,AO,1604803403,66,-12.78,15.74,62.28,1.77
351,rodrigues alves,32,BR,1604803404,72,-7.74,-72.65,77.13,2.26
352,fuling,0,CN,1604803404,60,29.7,107.39,68.4,1.68
353,gambela,0,ET,1604803405,82,8.25,34.58,70.47,3.62
354,alta floresta,46,BR,1604803406,74,-9.88,-56.09,75.16,3.11
355,chokurdakh,100,RU,1604803406,94,70.63,147.92,0.84,3.91
357,kavaratti,24,IN,1604803408,70,10.57,72.64,83.41,5.61
358,portobelo,63,PA,1604802844,99,9.55,-79.65,79,7
359,kaitangata,0,NZ,1604803409,40,-46.28,169.85,55,10
360,gallup,90,US,1604803410,87,35.53,-108.74,48.2,12.75
361,casablanca,0,MA,1604803410,100,33.59,-7.62,64,3.36
362,hobe sound,75,US,1604803411,83,27.06,-80.14,80.01,17.22
363,barabai,75,ID,1604803323,68,-2.58,115.38,87.87,2.01
364,kyra,6,RU,1604803413,86,49.58,111.98,23.2,4.27
365,hami,63,CN,1604802954,40,42.8,93.45,49.32,6.38
366,port-gentil,100,GA,1604803414,91,-0.72,8.78,76.64,8.86
367,campos sales,13,BR,1604803414,55,-7.07,-40.38,77.45,10.74
368,namatanai,40,PG,1604803415,68,-3.67,152.43,85.08,1.68
369,general pico,0,AR,1604803416,49,-35.66,-63.76,68.04,13.51
370,shimoda,75,JP,1604803417,68,34.67,138.95,68,3.36
371,katsuura,75,JP,1604803418,72,35.13,140.3,72,5.82
373,guangyuan,81,CN,1604803419,57,32.44,105.82,59,1.39
374,hovd,13,MN,1604802837,79,48.01,91.64,33.89,1.1
375,breves,23,BR,1604803420,86,-1.68,-50.48,77.29,4.81
376,ganzhou,0,CN,1604803421,30,28.82,115.43,72.3,10.6
377,shenzhen,90,CN,1604803142,56,22.55,114.07,80.01,11.79
378,aklavik,64,CA,1604803422,79,68.22,-135.01,26.6,3.36
379,oranjestad,20,AW,1604803423,83,12.52,-70.03,82.4,5.82
380,nivala,0,FI,1604803423,88,63.92,24.97,32,5.01
381,mathathane,0,BW,1604803424,37,-22.27,28.75,82.62,8.93
382,brenham,1,US,1604803425,82,30.17,-96.4,63,3.65
383,coahuayana,85,MX,1604803425,86,18.73,-103.68,75.27,2.44
384,lebu,0,CL,1604803426,85,-37.62,-73.65,52.14,19.42
385,pocone,32,BR,1604803328,54,-16.26,-56.62,82.47,5.61
386,hobyo,90,SO,1604803427,78,5.35,48.53,79.03,10.04
387,tiruchchendur,40,IN,1604803428,74,8.48,78.12,82.4,3.36
388,finnsnes,90,NO,1604803428,89,69.23,17.98,32,17.22
389,ribeira grande,65,PT,1604803429,71,38.52,-28.7,61.3,14.92
390,tarakan,100,ID,1604803429,81,3.3,117.63,80.4,7.76
391,xuanzhou,0,CN,1604803430,34,30.95,118.76,65.86,6.29
392,tall kayf,0,TR,1604803431,54,37.08,41.07,57.94,7.94
393,prince rupert,1,CA,1604803431,64,54.32,-130.32,41,10.29
394,saint-joseph,0,RE,1604803432,64,-21.37,55.62,71.6,4.7
395,aksu,0,CN,1604803433,45,41.12,80.26,46.85,2.17
396,nurota,100,UZ,1604803433,31,40.56,65.69,46.4,2.24
398,saint-francois,0,FR,1604802940,72,46.42,3.91,59,11.41
399,duki,0,PK,1604803435,28,30.15,68.57,59.97,1.57
400,los llanos de aridane,40,ES,1604802879,59,28.66,-17.92,66.2,6.93
401,paratinga,1,BR,1604803436,79,-12.69,-43.18,71.62,3.38
402,fort nelson,20,CA,1604803436,84,58.81,-122.7,8.6,1.63
403,kropotkin,6,RU,1604802805,84,45.44,40.58,44.74,1.34
404,dharchula,0,IN,1604803438,29,29.85,80.53,63.37,2.1
405,kaduna,34,NG,1604803438,27,10.52,7.44,67.3,6.44
406,moron,0,AR,1604803439,79,-34.65,-58.62,69.01,5.99
407,sanbu,0,CN,1604803439,35,33.46,119.15,64.47,9.35
409,starosubkhangulovo,98,RU,1604803441,91,53.1,57.44,33.19,9.95
410,omboue,99,GA,1604803441,92,-1.57,9.26,75.74,5.84
411,svobodnyy,58,RU,1604803442,88,51.4,128.13,18.93,15.39
412,buala,82,SB,1604802879,71,-8.14,159.59,85.1,6.33
413,punta alta,1,AR,1604803443,66,-38.88,-62.07,58.91,14.27
414,malanje,100,AO,1604803146,99,-9.54,16.34,65.77,4.32
415,saratovskaya,0,RU,1604803445,100,44.71,39.22,39.2,2.24
416,troutdale,90,US,1604803446,93,45.54,-122.39,42.8,3.36
417,bazarnyy syzgan,82,RU,1604803446,93,53.75,46.75,33.58,13.35
418,zemio,100,CF,1604803447,92,5.03,25.14,69.01,1.74
419,baruun-urt,0,MN,1604803447,72,46.68,113.28,26.91,12.57
420,batemans bay,8,AU,1604803448,55,-35.72,150.18,64,3
421,kurumkan,93,RU,1604803449,84,54.3,110.3,19.78,1.03
422,dauphin,90,CA,1604803449,95,51.15,-100.05,28.4,9.89
423,baykit,100,RU,1604803450,97,61.67,96.37,29.26,4.47
424,salinopolis,62,BR,1604803451,81,-0.61,-47.36,81.19,13.22
425,maromitsa,100,RU,1604803452,90,59.87,48.01,40.62,13.58
426,xai-xai,0,MZ,1604803453,49,-25.05,33.64,78.69,6.85
427,sun prairie,0,US,1604803453,67,43.18,-89.21,59,1.99
428,pangoa,24,PE,1604803454,92,-12.12,-73,67.77,2.98
429,provideniya,0,RU,1604803232,93,64.38,-173.3,27.5,4.99
430,green river,90,US,1604803455,93,41.53,-109.47,39.2,21.92
431,cartagena,20,CO,1604803238,100,10.4,-75.51,78.8,3.65
433,ayni,97,TJ,1604803457,36,39.39,68.54,52,7.92
434,jedovnice,0,CZ,1604803457,86,49.34,16.76,41,6.93
435,anadyr,40,RU,1604803458,85,64.75,177.48,19.4,4.47
436,coolum beach,87,AU,1604803459,83,-26.53,153.1,69.01,5.01
437,boa vista,40,BR,1604802935,88,2.82,-60.67,77,2.24
438,scottsbluff,1,US,1604803460,66,41.87,-103.67,48.2,8.5
439,grajau,15,BR,1604803460,88,-5.82,-46.14,74.23,2.04
441,naze,75,JP,1604803461,73,28.37,129.48,75.2,12.75
442,da nang,40,VN,1604803462,69,16.07,108.22,82.4,4.7
443,esperance,23,AU,1604803462,56,-33.87,121.9,73.4,5.82
444,were ilu,76,ET,1604803463,74,10.6,39.43,49.41,5.14
445,eisenstadt,0,AT,1604803464,87,47.85,16.52,42.8,8.05
446,kharp,99,RU,1604803464,97,66.8,65.81,21.09,0.56
447,arman,94,RU,1604803465,86,59.7,150.17,12.34,16.33
448,nhulunbuy,75,AU,1604803465,55,-12.23,136.77,89.6,12.75
449,sfantu gheorghe,0,RO,1604803188,79,45.87,25.78,38.25,1.54
450,huanuco,52,PE,1604803466,64,-9.93,-76.24,61.79,0.36
451,bowen,90,AU,1604803467,94,-20.02,148.23,71.6,10.29
452,anahuac,5,MX,1604803467,49,27.23,-100.15,71.6,5.82
453,bestobe,98,KZ,1604803468,57,52.5,73.1,45.21,14.61
454,bay roberts,85,CA,1604803469,92,47.6,-53.26,36,7
455,marshall,1,US,1604803469,88,34.38,-86.33,64.99,6.93
456,xichang,91,CN,1604803470,57,27.9,102.26,61.84,0.31
457,myaundzha,92,RU,1604803470,85,63.05,147.19,-4.18,3.2
458,aizkraukle,100,LV,1604803471,97,56.6,25.26,46.99,8.01
459,quime,3,BO,1604803472,63,-16.98,-67.22,48.16,3.29
460,aguimes,0,ES,1604803472,77,27.91,-15.45,66.2,5.82
461,myitkyina,0,MM,1604803473,50,25.38,97.4,76.08,2.24
462,haines junction,100,CA,1604803473,83,60.75,-137.51,-7.6,1.12
463,laviana,61,ES,1604803474,50,43.23,-5.53,64.99,7.52
464,vega de alatorre,98,MX,1604803474,80,20.03,-96.63,74.16,3.31
465,oleksandrivka,0,UA,1604803475,93,48.96,32.23,43.14,7.07
466,gandorhun,54,SL,1604803475,96,7.5,-11.83,74.43,2.77
467,olenegorsk,100,RU,1604803476,90,68.15,33.3,33.94,15.48
468,sao francisco,100,BR,1604803477,89,-15.95,-44.86,71.37,3.8
469,kuusamo,0,FI,1604803477,90,65.97,29.18,32,17.22
470,lao cai,31,VN,1604803478,55,22.48,103.95,79.83,1.68
471,bobrovka,100,RU,1604803481,95,54.05,61.75,36.23,12.82
472,takoradi,100,GH,1604803482,88,4.88,-1.76,78.19,7.23
473,launceston,0,AU,1604803483,42,-41.45,147.17,69.01,8.05
475,bukama,11,CD,1604803485,89,-9.2,25.85,70.45,1.05
477,longyearbyen,75,SJ,1604803487,86,78.22,15.64,30.2,3.89
478,mount isa,0,AU,1604803487,8,-20.73,139.5,95,4.7
479,taksimo,89,RU,1604803488,81,56.34,114.88,8.02,0.18
480,qaqortoq,100,GL,1604803488,74,60.72,-46.03,28.4,5.82
481,lashio,7,MM,1604803489,59,22.93,97.75,75.63,1.03
482,neuquen,40,AR,1604802596,60,-38.95,-68.06,73.4,4.7
483,wenzhou,58,CN,1604803490,25,28,120.67,75,4.61
484,gravelbourg,83,CA,1604802921,92,49.88,-106.55,28.4,10.29
485,shelburne,1,CA,1604803491,58,44.08,-80.2,59,5.82
486,krasnyye baki,100,RU,1604803492,88,57.13,45.16,41.34,13
487,urbana,1,US,1604803492,76,40.11,-88.21,60.01,6.93
488,east london,5,ZA,1604803493,82,-33.02,27.91,68.86,13.44
489,erdaojiang,0,CN,1604803269,70,41.78,126.03,33.82,11.63
490,svetlyy,75,RU,1604803494,87,54.67,20.13,46.4,8.95
491,athabasca,100,CA,1604803495,85,54.72,-113.29,17.6,9.17
492,kulhudhuffushi,7,MV,1604803495,74,6.62,73.07,83.98,14.07
494,caraguatatuba,40,BR,1604803496,88,-23.63,-45.49,62.6,4.7
495,hopelchen,30,MX,1604803497,98,19.77,-89.85,71.38,2.53
497,vanimo,96,PG,1604803498,64,-2.67,141.3,85.03,4.25
498,makakilo city,40,US,1604803498,58,21.35,-158.09,86,8.05
499,luwuk,100,ID,1604803499,52,-0.95,122.79,86.02,8.68
500,mingyue,60,CN,1604803500,74,43.11,128.92,32.65,20.24
501,makueni,41,KE,1604803500,91,-1.8,37.62,61.75,1.72
502,buchanan,40,LR,1604803501,94,5.88,-10.05,77,5.5
503,qitaihe,100,CN,1604803502,96,45.8,130.85,27.97,18.59
505,oussouye,0,SN,1604803503,68,12.48,-16.55,80.76,9.86
506,den helder,0,NL,1604803503,93,52.96,4.76,48.2,6.93
507,kavieng,48,PG,1604803504,69,-2.57,150.8,84.36,2.91
508,huarmey,14,PE,1604803504,86,-10.07,-78.15,60.76,5.66
509,vila,97,PT,1604803505,95,42.03,-8.16,55,6.33
511,salinas,40,US,1604802936,66,36.68,-121.66,55.4,9.17
512,flin flon,100,CA,1604803507,96,54.77,-101.86,16.38,8.16
513,portland,75,US,1604803401,81,45.52,-122.68,43,9.17
514,santa comba,84,ES,1604803509,88,43.03,-8.81,62.01,15.01
515,sobolevo,100,RU,1604803509,88,54.43,31.9,49.14,14
517,zyryanka,95,RU,1604803510,92,65.75,150.85,-2.15,5.7
518,kamaishi,75,JP,1604803511,76,39.27,141.88,55.4,6.93
519,tvedestrand,11,NO,1604803512,81,58.62,8.93,42.8,3.36
520,nueva concepcion,97,GT,1604803512,97,14.2,-91.3,69.01,5.79
521,haimen,90,CN,1604803513,83,23.19,116.61,71.6,2.24
522,rio gallegos,40,AR,1604803513,54,-51.62,-69.22,59,10.29
523,acapulco,20,MX,1604803514,78,16.86,-99.89,82.4,5.82
524,migori,60,KE,1604803514,87,-1.06,34.47,59.63,2.73
527,wau,80,SS,1604803490,57,7.7,28,74.48,1.45
528,dali,1,CN,1604803517,51,25.7,100.18,63.79,1.16
529,biltine,29,TD,1604803517,33,14.53,20.92,70.79,8.52
530,correntina,83,BR,1604803518,75,-13.34,-44.64,70,3.09
531,vidim,100,RU,1604803520,95,56.41,103.11,36.97,7.45
532,fairlie,100,GB,1604803520,92,55.76,-4.86,42.01,5.01
533,nichinan,75,JP,1604803521,63,31.6,131.37,66.2,9.17
534,auki,59,SB,1604802946,68,-8.77,160.7,84.94,2.39
535,devanhalli,40,IN,1604803522,100,13.23,77.7,71.6,3.36
536,talcahuano,0,CL,1604803523,82,-36.72,-73.12,55.4,10.29
537,charlestown,33,AU,1604803523,58,-32.95,151.67,68,1.01
538,pithora,0,IN,1604803524,52,21.27,82.52,68.07,3.51
539,port macquarie,90,AU,1604803524,45,-31.43,152.92,70,8.05
540,mosquera,40,CO,1604803525,81,4.71,-74.23,53.6,5.82
541,chirongui,90,YT,1604803525,88,-12.93,45.15,77,2.24
542,byron bay,90,AU,1604803526,56,-28.65,153.62,71.6,17.22
543,beruwala,0,LK,1604803527,77,6.48,79.98,82.47,2.86
544,murray bridge,0,AU,1604803527,41,-35.12,139.27,75.99,7.45
545,pochutla,65,MX,1604803528,83,15.74,-96.47,80.01,2.15
546,havoysund,100,NO,1604803528,92,71,24.66,37.4,46.08
547,fairmount,75,US,1604803529,71,43.05,-76.24,55.99,5.41
548,avera,1,US,1604803529,88,33.19,-82.53,68,5.82
550,port lincoln,24,AU,1604803530,52,-34.73,135.87,67.35,17.27
551,coihaique,0,CL,1604803531,66,-45.58,-72.07,50,3.36
552,ilhabela,5,BR,1604803532,80,-23.78,-45.36,66.31,3.02
554,pandegelang,40,ID,1604803338,70,-6.31,106.11,87.01,2.24
555,orvieto,17,IT,1604803533,88,42.72,12.11,52,2.17
556,belyy gorodok,100,RU,1604803534,84,56.97,37.51,46.04,9.17
557,ardmore,1,US,1604803535,72,34.17,-97.14,62.01,3.36
558,belyy yar,34,RU,1604802952,100,53.6,91.39,23,4.32
559,belmonte,75,BR,1604803536,88,-15.86,-38.88,77,8.05
560,komsomolskiy,0,UZ,1604803536,26,40.43,71.72,44.6,6.93
561,adre,0,TD,1604803537,36,13.47,22.2,66.69,11.7
562,rawson,86,AR,1604803538,62,-43.3,-65.1,61.72,20.83
563,karpathos,0,GR,1604803538,82,35.51,27.21,64.4,10.29
564,drayton valley,100,CA,1604803539,89,53.22,-114.99,18,8.01
565,asfi,0,MA,1604803540,78,32.3,-9.24,64.71,2.24
566,umm kaddadah,24,SD,1604803540,33,13.6,26.69,69.4,12.19
567,pinheiro machado,17,BR,1604803541,98,-31.58,-53.38,61,17
568,kasongo,77,CD,1604803541,99,-4.45,26.67,66.16,1.52
569,nouakchott,71,MR,1604803542,50,18.09,-15.98,78.8,16.11
570,qasigiannguit,34,GL,1604803543,43,68.82,-51.19,15.8,11.41
571,great yarmouth,19,GB,1604803543,98,52.61,1.73,53.01,1.01
572,dicabisagan,100,PH,1604803544,83,17.08,122.42,80.73,2.51
573,sioux city,1,US,1604803544,63,42.5,-96.4,64.99,19.46
574,vangaindrano,24,MG,1604803545,88,-23.35,47.6,71.58,5.41
575,nelson bay,40,AU,1604803545,56,-32.72,152.15,69.01,17.22
576,kidal,0,ML,1604803546,25,18.44,1.41,70.56,12.59
577,peterongan,32,ID,1604803546,53,-7.54,112.28,90.64,2.82
578,kempele,0,FI,1604803547,64,64.91,25.5,39.2,16.11
579,vung tau,65,VN,1604803548,71,10.35,107.08,80.42,6.8
580,arlit,35,NE,1604803548,28,18.74,7.39,69.71,10.96
581,shingu,75,JP,1604803549,60,33.73,135.98,68,14.99
582,visby,98,SE,1604803549,87,57.64,18.3,50,14.99
583,tutoia,12,BR,1604803550,76,-2.76,-42.27,81.05,14.29
584,nata,4,PA,1604803551,73,8.33,-80.52,73,6.24
585,guerrero negro,20,MX,1604803551,67,27.98,-114.06,63.27,16.24
586,amot,100,NO,1604803552,81,59.57,7.99,37,3.4
588,saint-augustin,92,CA,1604803554,89,51.23,-58.65,31.21,14.79
589,port hardy,20,CA,1604803555,56,50.7,-127.42,46.4,13.87
590,pando,0,UY,1604803339,93,-34.72,-55.95,61,9.17
591,derzhavinsk,97,KZ,1604803556,80,51.1,66.32,39.07,19.33
592,chipata,1,ZM,1604803504,47,-13.63,32.65,70.05,8.57
593,honolulu,40,US,1604803320,58,21.31,-157.86,84.2,16.11
594,villa guerrero,40,MX,1604803557,66,18.87,-99.65,70,5.82
595,puerto narino,90,CO,1604803558,100,-3.77,-70.38,75.2,2.93
596,owerri,100,NG,1604803559,95,5.48,7.03,73.24,2.84
597,kolyvan,0,RU,1604803559,69,55.31,82.74,40.03,8.95
598,tarragona,0,ES,1604803480,93,41.13,1.25,55.99,5.82
599,tsiroanomandidy,97,MG,1604803560,53,-18.77,46.03,73.71,2.71
600,illapel,0,CL,1604802964,74,-31.63,-71.17,56.82,1.39
601,bulaevo,100,KZ,1604803562,73,54.91,70.44,42.51,14.5
602,troitskoye,58,RU,1604803562,78,52.98,84.68,39.13,7.72
603,yatou,0,CN,1604803563,46,37.15,122.38,50.13,16.71
606,mnogovershinnyy,99,RU,1604803564,95,53.94,139.92,17.82,6.82
607,kilindoni,30,TZ,1604803565,83,-7.91,39.67,79.48,13.38
608,ajaccio,0,FR,1604803295,76,42,8.92,57.2,4.7
609,gitega,59,BI,1604803566,87,-3.5,29.95,59.11,1.3
610,nosy varika,2,MG,1604803567,83,-20.58,48.53,71.24,3.31
611,outjo,0,NA,1604803567,36,-20.12,16.15,62.6,1.12
612,iralaya,99,HN,1604803568,90,15,-83.23,78.26,12.64
613,kruisfontein,0,ZA,1604803569,91,-34,24.73,55.99,1.99
614,livingstonia,0,MW,1604803569,77,-10.61,34.11,64.76,2.53
615,port hedland,0,AU,1604803570,34,-20.32,118.57,96.8,12.75
616,praxedis guerrero,20,MX,1604803570,22,31.37,-106.02,78.8,10.29
617,acarau,73,BR,1604803571,79,-2.89,-40.12,78.69,13.82
618,cohoes,75,US,1604803572,93,42.77,-73.7,54,0.34
619,zima,99,RU,1604803376,88,53.92,102.04,34.16,3.15
620,khetia,0,IN,1604803573,33,21.67,74.58,74.46,3.87
621,hirara,40,JP,1604803574,78,24.8,125.28,82.4,8.05
622,korla,0,CN,1604803574,48,41.76,86.15,44.2,4.07
623,humaita,37,BR,1604803575,93,-7.51,-63.02,74.59,1.41
624,hutchinson,1,US,1604803575,63,38.06,-97.93,64.4,14.99
625,noumea,90,NC,1604803441,54,-22.28,166.46,80.6,14.99
626,ouango,71,CF,1604803576,96,4.31,22.56,68.9,0.11
627,bam,0,IR,1604803577,30,29.11,58.36,61.43,8.16
628,limerick,75,IE,1604803417,93,52.66,-8.62,54,6.93
